<?xml version="1.0" encoding="UTF-8" standalone="yes"?>
<addon id="plugin.video.strmer" name="strmer" version="v0.0.2" provider-name="claes">
  <requires>
    <import addon="xbmc.python" version="3.0.0" />
    <import addon="script.module.requests" version="2.22.0+matrix.1" />
  </requires>
  <extension library="addon.py" point="xbmc.python.pluginsource">
    <provides>video</provides>
  </extension>
  <extension point="xbmc.addon.metadata">
    <platform>all</platform>
    <language>sv</language>
    <email></email>
    <license>GPL-3.0-or-later</license>
    <source>https://github.com/claes/strmer</source>
    <summary lang="en_GB">Stream from .nfo and .strm files</summary>
    <description lang="en_GB">Stream from .nfo and .strm files</description>
    <assets>
      	<icon>resources/icon.png</icon>
    </assets>
  </extension>
</addon>
